Workbook

Sheet Firewall Review
A1: Firewall Configuration Review Gaps & Recommendations
A2: Sr. No. | B2: Section Covered | C2: Key Observations | D2: Recommendations | E2: Evidence Required | F2: Status | G2: Assessor Comments (17-Aug) | H2: Client Comments | I2: FIB Status | J2: Link
A3: 1 | B3: FortiGate Firewall | C3: TLS configuration could not be demonstrated during the assessment session. Therefore, the configured TLS versions, cipher suites, and secure management protocols could not be verified. | D3: Demonstrate the TLS configuration on the firewall and ensure that only strong cryptographic protocols and cipher suites are enabled for all administrative interfaces. Disable insecure protocols and weak ciphers in accordance with PCI DSS v4.0.1 Requirements 4.2.1 and 2.2.5, where applicable. | E3: Screenshots of TLS configuration, enabled TLS versions, cipher suites, and secure management interface settings. | F3: Closed | G3: The assessor was unable to verify that only secure TLS protocols and cipher suites are enabled for administrative access. Evidence is required to confirm compliance. | H3: https://ejabi-infosec.box.com/s/8fc502l9z2d6d0emp3dr0qhqfdl5nebk | I3: Done | J3: CLOSED NO NEED
A4: 2 | B4: FortiGate Firewall | C4: Anti-spoofing configuration was not demonstrated during the assessment. As a result, controls preventing IP address spoofing could not be verified. | D4: Demonstrate the anti-spoofing configuration implemented on the firewall. Ensure ingress and egress filtering, reverse path validation (RPF), or equivalent anti-spoofing mechanisms are enabled in accordance with PCI DSS network security requirements. | E4: Screenshots of anti-spoofing configuration, interface settings, reverse path forwarding (RPF), firewall policies, or equivalent configuration. | F4: Closed | G4: The anti-spoofing controls could not be validated during the assessment. Evidence is required to confirm that spoofed traffic is appropriately detected and blocked. | H4: https://ejabi-infosec.box.com/s/8fc502l9z2d6d0emp3dr0qhqfdl5nebk | I4: Done | J4: CLOSED NO NEED
A5: 3 | B5: FortiGate Firewall | C5: The default administrative account is currently accessible by multiple personnel. Evidence demonstrating split knowledge/shared control or implementation of unique administrative accounts was not provided. | D5: Avoid the use of shared administrative accounts wherever possible. Configure unique administrator accounts for each individual. If the default administrative account cannot be disabled due to technical limitations, restrict its use, implement dual control/split knowledge where applicable, securely manage credentials, and maintain documented procedures and authorization records. | E5: Administrative account list, RBAC configuration, unique administrator account configuration, documented procedure for default account management, split knowledge/dual control documentation (if applicable), and access logs. | F5: Open | G5: I could see the user"Admin" has been disabled. To satisfy this evidence point, kindly also mention who has access to the admin account and that needs to be documented in a password policy / procedure or justification document. | H5: https://ejabi-infosec.box.com/s/8fc502l9z2d6d0emp3dr0qhqfdl5nebk | I5: In progress | J5: https://fibtask.atlassian.net/browse/FIBXPI-1083
A6: 4 | B6: VPN Firewall - Encryption Settings | C6: TLS version is marked as pending/not provided; actual encryption configuration is not documented. | D6: Provide and validate the configured TLS version and encryption settings to ensure only approved secure protocols and cryptographic configurations are enabled. | E6: TLS configuration, supported TLS versions/ciphers, and configuration screenshots/command output. | F6: Open | G6: The submitted evidence does not demonstrate the TLS configuration. Additional evidence is required to validate compliance with applicable PCI DSS encryption requirements. | I6: In progress | J6: https://fibtask.atlassian.net/browse/FIBXPI-1084
A7: 5 | B7: VPN Firewall - Access Restrictions | C7: ACL and “Deny All” are mentioned; however, detailed firewall rules, permitted services, source/destination definitions, and granular access restrictions are not provided. | D7: Provide the complete ACL/firewall rule set and demonstrate that access is restricted to only necessary traffic, services, and sources/destinations. | E7: Firewall/ACL configuration, rule base, source/destination/port details, and approved access matrix. | F7: Open | G7: The evidence is insufficient to validate that network access is restricted based on business and security requirements. Detailed rule-level evidence is required. | H7: https://ejabi-infosec.box.com/s/riypvdlxpfvtu65g1mni6kub60rw9znp | I7: Done | J7: https://fibtask.atlassian.net/browse/FIBXPI-1085
A8: 6 | B8: VPN Firewall - Logging / SIEM | C8: SIEM integration with Wazuh is mentioned; however, the evidence does not specify the security events captured, log retention, or log forwarding/configuration details. | D8: Provide evidence demonstrating audit-event generation, centralized log forwarding to Wazuh/SIEM, log retention, and monitoring/review of relevant security events. | E8: SIEM/Wazuh configuration, log forwarding settings, sample security/admin logs, retention configuration, and evidence of log monitoring/review. | F8: Open | G8: The evidence indicates SIEM integration; however, it does not demonstrate sufficient audit logging and centralized log collection to satisfy PCI DSS v4.0.1 Requirement 10. | I8: In progress | J8: https://fibtask.atlassian.net/browse/FIBXPI-1086
A9: 7 | B9: VPN Firewall - Secure Protocols / Hardening | C9: HTTP and Telnet are identified as enabled, indicating the use of weak/insecure management protocols. | D9: Disable HTTP and Telnet and enforce secure management protocols such as HTTPS/SSH, as applicable. | E9: Updated configuration showing HTTP/Telnet disabled and secure management protocols enabled. | F9: Open | G9: The evidence identifies weak protocols as enabled. These should be disabled and replaced with secure protocols to meet PCI DSS secure configuration requirements. | H9: https://ejabi-infosec.box.com/s/4f8t1racdoixsohbzq1rqlfqe8yuloon | I9: Done | J9: https://fibtask.atlassian.net/browse/FIBXPI-1087
A10: 8 | B10: VPN Firewall - Anti-Spoofing | C10: Anti-spoofing configuration is marked as pending (“Anti-spoofing setting to be sent”). | D10: Provide and validate the anti-spoofing configuration to confirm that unauthorized/spoofed source addresses are appropriately restricted. | E10: Anti-spoofing configuration and relevant firewall/interface settings. | F10: Open | G10: Anti-spoofing configuration has not been provided; therefore, the control cannot currently be validated. | I10: In progress | J10: https://fibtask.atlassian.net/browse/FIBXPI-1088
A11: 9 | B11: VPN Firewall - Certificate Configuration | C11: Certificate configuration is incomplete, with a self-signed certificate noted (“Certificate self-signed”). | D11: Replace the self-signed certificate with an appropriately trusted certificate, where applicable, and provide the certificate configuration and validity details. | E11: Certificate details, certificate chain, validity period, TLS configuration, and configuration screenshots. | F11: Open | G11: The evidence indicates the use of a self-signed certificate. Additional validation is required to determine whether the certificate configuration meets the applicable security requirements. | I11: In progress | J11: https://fibtask.atlassian.net/browse/FIBXPI-1089

Sheet System Configuration
A1: System Configuration Review Gaps & Recommendations | J1: 23 3 Open
A2: Sr. No. | B2: Section Covered | C2: Key Observations | D2: Recommendations | E2: Evidence Required | F2: Status | G2: Assessor Comments (17-Aug) | H2: Client Comments | I2: Client Comments | J2: FIB Status | K2: Link
A3: 1 | B3: Linux Server Configuration Review | C3: During the review of the linux server (10.222.40.13), it was noted that few services such as the firewalld.service has been inactive. Provide a business justification for this or if this is to be missed our kindly follow the recommendation provided. | D3: Unless a central network firewall strictly controls all traffic to this host, unmask, enable, and configure firewalld with a default-deny policy | E3: Provide a updated list of all the running services in Linux server. | F3: OPEN | G3: Kindly provide the screenshot for the list of all the running services in Linux server. | J3: In progress | K3: https://fibtask.atlassian.net/browse/FIBXPI-1090
A4: 2 | B4: Linux Server Configuration Review | C4: During the review of the linux server (10.222.40.13), it was noted that few services such as the atd.service, iscsid.service, kdump.service, tuned.service is in use and actively running. | D4: Kindly provide a business justification for using this service in the server or if no reason is available kindly disable the service, since the atd.service is used as job spooling tool, iscsid.service is uaed as the iSCSI daemon, kdump.service is used for crash recovery kernel arming and tuned.services for system tuning daemon. | E4: Provide a updated list of all the running services in Linux server. | F4: OPEN | G4: The screenshot provided is the complete service list, kinldy provide the list of services that are running. (from server 10.222.40.13) | H4: https://ejabi-infosec.box.com/s/oubt9s34kwrnwrbghl0dlsew5jkln701 | J4: In progress | K4: https://fibtask.atlassian.net/browse/FIBXPI-1091
A5: 3 | B5: Windows Server Configuration | C5: During the review of the Windows server (10.222.110.22), it was noted that some of the services such as the print spooler is running and active. | D5: Kindly provide a business justification for using this service in the Domain controller server. If no reason is there to use to have this service kindly disable these services. | F5: Closed | G5: The screenshot provided is the complete service list, kinldy provide the list of services that are running. (from server 10.222.110.22) | H5: We have desabiled spooler | J5: Done | K5: https://fibtask.atlassian.net/browse/FIBXPI-1092
A6: 4 | B6: Windows Server Configuration | C6: During the configuration review of the Windows Domain Controller (SHQ-DNS-01), it was observed that the server is not fully patched and is currently missing several critical updates. | D6: Apply Pending Updates: Immediately install all pending cumulative operating system, .NET Framework, and driver updates on the domain controller (SHQ-DNS-01) during an approved maintenance window. | E6: 1. Updated Windows Update Screenshot: Provide an updated screenshot of the "Windows Update" screen on SHQ-DNS-01 showing the system is fully up to date (e.g., "You're up to date" with a current timestamp). | F6: Closed | G6: Document Name: 1. patch_windows_domain_controller_actual_evidences | H6: https://ejabi-infosec.box.com/s/tudaudtg1ytnxpb1ovtvg85dnxrc6rse | J6: Done | K6: https://fibtask.atlassian.net/browse/FIBXPI-1093
A7: 5 | D7: Establish Patching Schedule: Verify that a formal patch management policy is in place to deploy critical security patches within 30 days of release (PCI DSS Requirement 6.3.3). | E7: 2. Update History Proof: Provide a screenshot of the "View update history" screen showing the successful installation of KB5094128 and KB5088862. | F7: OPEN | J7: In progress | K7: https://fibtask.atlassian.net/browse/FIBXPI-1094
A8: 6 | B8: Windows User Account Review | C8: Use of Built-in Default Administrator Account: The default Administrator account is active and remains named "Administrator" (Requirement 2.1.1). | D8: Rename default administrative accounts: Rename the built-in Administrator account to a non-obvious name to mitigate brute-force and automated attacks targeting default administrative names (Requirement 2.1.1). | E8: User Account Status Output: Provide an updated command prompt or PowerShell output proving that the built-in Guest account is disabled, and the default Administrator account has been renamed: | F8: OPEN | G8: The username still shows Admin. Kindly change the user name or provide a document mentioning who is having the accessing and also mention that only that is having access to this account. (a business justification document) | H8: https://ejabi-infosec.box.com/s/nqhl3t2esa50qdao1bmfjeh4yn94n88f | J8: Done | K8: https://fibtask.atlassian.net/browse/FIBXPI-1095
A9: 7 | C9: Built-in Guest Account: The default Guest account exists on the system (Requirement 2.1.1). | D9: Disable the Guest Account: Ensure that the built-in Guest account is strictly disabled across the Domain Controllers via Group Policy Objects (GPO). | E9: GPO Verification: Provide a screenshot of the Group Policy settings (e.g., Computer Configuration \ Windows Settings \ Security Settings \ Local Policies \ Security Options) showing "Accounts: Rename administrator account" and "Accounts: Guest account status" set to Disabled. | F9: Closed | G9: Document Name: 1. disable_guest_account_evidences | H9: https://ejabi-infosec.box.com/s/je9ya0f9bpzxo7vm9s6l4jgr3y1jyp0h | J9: Done | K9: https://fibtask.atlassian.net/browse/FIBXPI-1096
A10: 8 | E10: Access Justification List: Provide a documented access control list (ACL) justifying any individual admin accounts permitted to access the Domain Controller. | F10: OPEN | G10: The justification document provided is fine, but kindly also provide a screenshot from the windows domain controller system, showing the user list. | H10: https://ejabi-infosec.box.com/s/hiawnjnng3fvq67qfipirrhuo89jygxf | I10: https://ejabi-infosec.box.com/s/nqhl3t2esa50qdao1bmfjeh4yn94n88f | J10: Done | K10: https://fibtask.atlassian.net/browse/FIBXPI-1097
A11: 9 | B11: Windows Password Policy Review | C11: During the review of the local Account Policies on the Windows Domain Controller (SHQ-DNS-01), a critical non-compliance issue was identified in the password length parameter: Minimum password length is currently configured to 7 characters. | D11: Increase Minimum Password Length: In accordance with PCI DSS v4.0 Requirement 8.3.6, update the Local/Group Security Policy to enforce a minimum password length of at least 12 characters (or 8 characters only if a legacy system explicitly cannot support 12). | E11: 1. Updated Policy Screenshot: Provide an updated screenshot of the Local Security Policy (or Active Directory Group Policy Management) console on SHQ-DNS-01 demonstrating that the "Minimum password length" is set to at least 12 characters. | F11: closed | G11: Document Name: 1. increase_minimum_password_length_correct | H11: https://ejabi-infosec.box.com/s/8m9y1ivxcssiilcho2s0yi5i1zryk36o | J11: Done | K11: https://fibtask.atlassian.net/browse/FIBXPI-1098
A12: 10 | E12: Active Directory GPO Proof: Provide a report or screenshot of the Default Domain Policy GPO confirming the 12-character minimum is enforced domain-wide. | F12: Closed | H12: https://ejabi-infosec.box.com/s/8m9y1ivxcssiilcho2s0yi5i1zryk36o | J12: Done
A13: 11 | B13: Windows Account Lockout Policy Review | C13: During the review of the local Account Policies on the Windows Domain Controller (SHQ-DNS-01), a critical non-compliance issue was identified in the account lockout settings: Account lockout threshold is currently configured to 0 invalid logon attempts (disabled). Account lockout duration is set to Not Applicable. | D13: Configure Account Lockout Parameters: Implement strict lockout policies to meet PCI DSS v4.0 requirements: 1. Lockout Threshold (Req 8.3.4): Set the threshold to no more than 10 invalid login attempts (e.g., set to 5 or 10 attempts). 2. Lockout Duration (Req 8.3.7): Set the lockout duration to a minimum of 30 minutes (or until an administrator manually resets the account). 3. Reset Lockout Counter: Set the counter reset time to at least 30 minutes to align with the lockout duration. | E13: 1. Updated Policy Screenshot: Provide an updated screenshot of the Local Security Policy (or Active Directory Group Policy Management) console on SHQ-DNS-01 demonstrating the following applied settings: • Account lockout threshold: 10 or fewer attempts • Account lockout duration: 30 or more minutes • Reset account lockout counter after: 30 or more minutes 2. Active Directory GPO Proof: Provide a report or screenshot of the Default Domain Policy GPO confirming these lockout parameters are enforced domain-wide. | F13: Closed | H13: https://ejabi-infosec.box.com/s/a5i3lxe0wj7peeu4vd8ukpozajnplvxi | J13: Done | K13: https://fibtask.atlassian.net/browse/FIBXPI-1099
A14: 12 | B14: Windows Security Options Review | C14: During the configuration review of the Local Security Options on the Windows Domain Controller (SHQ-DNS-01), several security-hardening and authentication-related gaps were identified: 1. Interactive Logon Session Idle Timeout: The setting Interactive logon: Machine inactivity limit is set to Not Defined, allowing user sessions to remain open indefinitely when idle. | D14: 1. Enforce Idle Lockouts: Set Interactive logon: Machine inactivity limit to 900 seconds (15 minutes) or less to satisfy PCI DSS v4.0 Requirement 8.2.8 for securing idle workspace sessions. | E14: 1. Updated Local Security Policy Screenshot: Provide a screenshot of the Security Options panel under Local Security Policy on SHQ-DNS-01 demonstrating that: • Interactive logon: Machine inactivity limit is configured to 900 (or fewer) seconds. | F14: Closed | H14: https://ejabi-infosec.box.com/s/0da59lwt7tladtmvgfuki4n2hs5eo8ub | J14: Done | K14: https://fibtask.atlassian.net/browse/FIBXPI-1100

Sheet HR & Access Control 
A1: HR & Access Control Gaps & Recommendations | I1: 23 3 Open
A2: Sr. No. | B2: Section Covered | C2: Key Observations | D2: Recommendations | E2: Evidence Required | F2: Status | G2: Client Comments | H2: Client Comments | J2: Link
A3: 1 | B3: HR Team | C3: Documented HR policy defining personnel security controls, including employee screening, confidentiality obligations, onboarding, offboarding, disciplinary actions, and security responsibilities. | D3: Update and maintain the HR Security Policy document. Ensure the updated policy includes the current date and formal approval signature. | E3: Document needed: HR Security Policy | F3: OPEN | G3: https://ejabi-infosec.box.com/s/5t78yday602ccef193h42all8rxd6n31 | I3: Done | J3: https://fibtask.atlassian.net/browse/FIBXPI-1101
A4: 2 | B4: HR Team | C4: Sample records demonstrating that pre-employment background verification has been completed for personnel in accordance with the organization's policy before granting system access. | D4: Maintain periodic background verification sampling records for all personnel with access to sensitive environments. | E4: Document needed: Sample of Background Verification Reports | F4: Closed | G4: https://ejabi-infosec.box.com/s/ov90ib8b81l3crm5b2xbfqbdrzfnnnxo | I4: Done | J4: https://fibtask.atlassian.net/browse/FIBXPI-1101
A5: 3 | B5: HR Team | C5: Sample employment contracts and confidentiality agreements containing information security responsibilities, confidentiality obligations, acceptable use clauses, and data protection requirements. | D5: Ensure all employees sign confidentiality agreements prior to granting system/data access. | E5: Document needed: Sample of Employment Contracts / NDAs | F5: Closed | G5: https://ejabi-infosec.box.com/s/2rwynkqe2l5q6j5uzy4945jj3g0gu9ge | H5: https://ejabi-infosec.box.com/s/hu7piba951k6t3m1lpy1sgnapxjgoi9p | I5: Done | J5: https://fibtask.atlassian.net/browse/FIBXPI-1101
A6: 4 | B6: HR Team | C6: Signed confidentiality or non-disclosure agreements with third-party service providers who have access to organizational systems or cardholder data. | D6: Maintain signed NDA copies for all active third-party service providers. | E6: Document needed: Signed NDA Copies with Service Providers | F6: Closed | G6: https://ejabi-infosec.box.com/s/izhpxgg6zkss1cm9a5d3i0ju5onp2b7v | I6: Done | J6: https://fibtask.atlassian.net/browse/FIBXPI-1101
A7: 5 | B7: HR Team | C7: Security awareness training materials, attendance records, completion reports, and employee acknowledgements demonstrating periodic security awareness training, including PCI DSS-related topics where applicable. | D7: Conduct and document annual security awareness training for all personnel. | E7: Document needed: Security Awareness Training Records | F7: Closed | G7: https://ejabi-infosec.box.com/s/izhpxgg6zkss1cm9a5d3i0ju5onp2b7v | H7: https://ejabi-infosec.box.com/s/oqh0d9nb94gwm13hmubl11kk95onis0e | I7: Done | J7: https://fibtask.atlassian.net/browse/FIBXPI-1101
A8: 6 | B8: HR Team | C8: Standard employee background verification checklist indicating the screening activities performed before employment, including identity verification and other applicable checks. | D8: Standardize screening verification checklists across all hires. | E8: Document needed: Background Checklist for Employees | F8: Closed | G8: https://ejabi-infosec.box.com/s/kgquwhbfijky2x4yjrh3dmk8eb32slmj | H8: https://ejabi-infosec.box.com/s/r6ycpkpx696g1q1rdmq2onazm3cwwv0g | I8: Done | J8: https://fibtask.atlassian.net/browse/FIBXPI-1101
A9: 7 | B9: HR Team | C9: Employee onboarding checklist demonstrating completion of HR activities, approvals, security awareness, policy acknowledgements, and coordination with IT for account provisioning. | D9: Retain completed onboarding checklists for audit review. | E9: Document needed: HR Onboarding Checklist | F9: Closed | G9: https://ejabi-infosec.box.com/s/r6ycpkpx696g1q1rdmq2onazm3cwwv0g | I9: Done | J9: https://fibtask.atlassian.net/browse/FIBXPI-1101
A10: 8 | B10: HR Team | C10: Sample access request tickets demonstrating the workflow for creating new employee accounts, including business justification, management approval, and access provisioning. | D10: Enforce documented access request ticketing for all new user creations. | E10: Document needed: Access Request Tickets | F10: Closed | G10: https://ejabi-infosec.box.com/s/7g48f2ed4w8cpoetwqiph9mqj8hezt4v | I10: Done | J10: https://fibtask.atlassian.net/browse/FIBXPI-1101
A11: 9 | B11: HR Team | C11: Sample requests or change forms demonstrating the process for modifying employee roles and obtaining the necessary approvals before access changes are implemented. | D11: Enforce formal role transfer/modification approval processes. | E11: Document needed: Role Transfer Requests | F11: Closed | G11: https://ejabi-infosec.box.com/s/dnq5rgxxlc1fki5p0eszango3fd1lvek | I11: Done | J11: https://fibtask.atlassian.net/browse/FIBXPI-1101
A12: 10 | B12: HR Team | C12: Sample change request or service desk tickets demonstrating that user access rights were modified following approved role changes in accordance with least privilege principles. | D12: Align access modifications with least privilege requirements. | E12: Document needed: Access Modification Tickets | F12: Closed | G12: https://ejabi-infosec.box.com/s/8xe55f4j0j7p39t1e5g9rwqtkttp769g | I12: Done | J12: https://fibtask.atlassian.net/browse/FIBXPI-1101
A13: 11 | B13: HR Team | C13: Completed employee exit checklist demonstrating execution of offboarding activities, including account deactivation, asset return, confidentiality reminders, and completion approvals. | D13: Execute timely deactivation and offboarding per documented exit procedure. | E13: Document needed: Employee Exit Checklist | F13: Closed | G13: https://ejabi-infosec.box.com/s/wwjz5bb7oqkgl7ad5kxvt79w7htonpqv | I13: Done | J13: https://fibtask.atlassian.net/browse/FIBXPI-1101
A14: 12 | B14: HR Team | C14: Records demonstrating the return of organizational assets and timely revocation of logical and physical access upon employee termination or resignation. | D14: Revoke physical and logical access immediately upon termination. | E14: Document needed: IT Assets & Access Revocation Documents | F14: Closed | G14: https://ejabi-infosec.box.com/s/w5q1ntlxl3xqm4hw1e4neymjn4ekfsb6 | H14: https://ejabi-infosec.box.com/s/12hd0nfsln9uiqu7sden06v6mtxgwlgg | I14: Done | J14: https://fibtask.atlassian.net/browse/FIBXPI-1101
A15: 13 | B15: HR Team | C15: Current employee handbook containing information security responsibilities, acceptable use requirements, confidentiality obligations, disciplinary procedures, and reporting requirements. | D15: Maintain up-to-date employee handbook with security policy acknowledgements. | E15: Document needed: Employee Handbook | F15: Closed | G15: https://ejabi-infosec.box.com/s/4phqwd8yo3digac5pvsaf7u9bbh5mzyp | H15: https://ejabi-infosec.box.com/s/13w12cuwmdqys2ax3lhqm8iepngtvhli | I15: Done | J15: https://fibtask.atlassian.net/browse/FIBXPI-1101
A16: 15 | B16: Platform / Access Control | C16: Documented policy or procedure defining Multi-Factor Authentication (MFA) requirements, scope, authentication methods, exceptions, and administrative responsibilities. | D16: Maintain documented MFA policy/procedure covering administrative access. | E16: Document needed: MFA Policy or Procedure | F16: Closed | G16: https://ejabi-infosec.box.com/s/7w1fxf4tyh96ij6r1jpc4ucnpe2ieivw | I16: Done | J16: https://fibtask.atlassian.net/browse/FIBXPI-1101
A17: 16 | B17: Platform / Access Control | C17: Configuration documentation or screenshots demonstrating MFA implementation for Operations personnel and privileged administrators accessing the PCI environment or critical systems. | D17: Enforce MFA across all administrative sessions. | E17: Document needed: MFA Configuration Documentation | F17: Closed | G17: https://fibtask.atlassian.net/browse/FIBXPI-1102 | I17: Done | J17: https://fibtask.atlassian.net/browse/FIBXPI-1101
A18: 17 | B18: Platform / Access Control | C18: Sample authentication logs demonstrating MFA enrollment, successful authentications, failed authentication attempts, and related audit events for Operations and privileged users. | D18: Retain MFA logs for audit verification. | E18: Document needed: MFA Enrollment & Authentication Logs | F18: Closed | G18: https://ejabi-infosec.box.com/s/kbaplfapf2k44m1hhpvcw53gpt81nqnq | I18: Done | J18: https://fibtask.atlassian.net/browse/FIBXPI-1101

Sheet Application & API Security
A1: Application Security and API Security Review
A2: Sr. No. | B2: Section Covered | C2: Key Observations | D2: Recommendations | E2: Evidence Required | F2: Status | G2: Assessor Comments (17-Aug-2026) | H2: Client Comments | I2: Client Comments | J2: Client Comments | K2: FIB Status | L2: Link
A3: 1 | B3: Application Security Review | C3: During the review of the application access management controls, it could not be confirmed whether inactive user accounts are automatically disabled after a defined period of inactivity. | D3: Configure and enforce automatic disabling of inactive accounts and maintain documented account lifecycle management procedures. | E3: User Management Procedure, Account Disable Configuration, Sample Disabled Accounts, Access Review Records. | F3: Open | G3: Verify inactive account management in accordance with organizational access control requirements. | K3: In progress | L3: https://fibtask.atlassian.net/browse/FIBXPI-1129
A4: 2 | B4: Application Security Review | C4: During the review of session management controls, it was identified that the application idle timeout configuration has not yet been fully implemented. | D4: Configure and enforce automatic session termination after a defined period of inactivity. | E4: Session Timeout Configuration, Application Security Settings, Screenshots of Session Timeout Enforcement. | F4: Closed | H4: https://ejabi-infosec.box.com/s/0da59lwt7tladtmvgfuki4n2hs5eo8ub | K4: Done | L4: https://fibtask.atlassian.net/browse/FIBXPI-1100
A5: 3 | B5: Application Security Review | C5: During the review, the team was unable to confirm whether application logs are centrally forwarded to the SIEM platform and retained in accordance with logging requirements. | D5: Verify centralized log forwarding, retention settings, and monitoring of security events within the SIEM platform. | E5: SIEM Configuration, Log Forwarding Configuration, Sample Logs, Log Retention Policy. | F5: Open | G5: Centralized logging should be validated. | H5: https://ejabi-infosec.box.com/s/9mtfm72lu5pjiecckllv5g126l50z2x3 | K5: Done | L5: https://fibtask.atlassian.net/browse/FIBXPI-1130
A6: 4 | B6: Application Security Review | C6: The log forwarding process, monitoring responsibilities, and logging architecture were not formally documented. | D6: Document the complete logging architecture, log forwarding mechanisms, and assigned monitoring responsibilities. | E6: Logging Architecture Diagram, Logging Standard, Monitoring Procedures. | F6: Open | G6: The document covers operational monitoring through Grafana, Prometheus exporters, and Teleport; however, it does not demonstrate audit logging, security event generation, or log forwarding/SIEM integration. Therefore, additional evidence is required to demonstrate compliance with PCI DSS v4.0.1 Requirement 10. | H6: https://ejabi-infosec.box.com/s/l43eh15jehsgme1703ld5t40cvlhwb56 | K6: In progress | L6: https://fibtask.atlassian.net/browse/FIBXPI-1131
A7: 6 | D7: Establish a documented data retention and secure disposal policy. | E7: Data Retention Policy, Data Disposal Procedure. | F7: Open | G7: Retention periods should be justified and formally approved. | H7: https://ejabi-infosec.box.com/s/yvlfhw79qq49imfc1tawei87adja13gv | K7: Done | L7: https://fibtask.atlassian.net/browse/FIBXPI-1132
A8: 7 | B8: Application Security Review | C8: Card personalization activities are reportedly logged by the Card Team; however, evidence supporting the existence and review of audit trails was not available during the assessment. | D8: Verify that all card personalization activities are logged, retained, monitored, and periodically reviewed. | E8: Sample Audit Logs, Log Review Records. | F8: Open | G8: Audit trails for personalization activities require validation. | H8: https://ejabi-infosec.box.com/s/0dkw2pxpewzl1snmrq28oe0dsfb19je2 | K8: Done | L8: https://fibtask.atlassian.net/browse/FIBXPI-1133
A9: 8 | C9: The failed or rejected card destruction process was described; however, supporting evidence and destruction records were not reviewed during the assessment. | D9: Review and maintain documented destruction procedures, approvals, and evidence for failed or rejected cards. | E9: Card Destruction Procedure, Destruction Logs, Approval Records, Sample Evidence. | F9: Open | G9: Destruction activities should be formally recorded and retained. | H9: https://ejabi-infosec.box.com/s/yvlfhw79qq49imfc1tawei87adja13gv | I9: https://ejabi-infosec.box.com/s/uwnbissva742a81t4aqcmw5994gwkizc | J9: https://ejabi-infosec.box.com/s/gbmw9jkm2lu9rxvdklsx6ammryk8f89n | K9: Done | L9: https://fibtask.atlassian.net/browse/FIBXPI-1134
A10: 9 | E10: Endpoint Hardening Standard, Device Configuration Screenshots, Exception Approval Records. | F10: Open | G10: Unnecessary interfaces should be disabled to minimize attack surface. | H10: https://ejabi-infosec.box.com/s/xd0a7kiw2j04yw55hahwz9n23k9hta1r | K10: Done | L10: https://fibtask.atlassian.net/browse/FIBXPI-1135
A11: 10 | B11: Application Security Review | C11: Vendor PCI DSS compliance was verbally confirmed; however, supporting evidence was not available during the review. | D11: Obtain the current PCI DSS Attestation of Compliance (AOC) from the vendor. | E11: Vendor PCI DSS AOC, Vendor Compliance Records. | F11: Open | G11: Vendor compliance evidence should be retained and periodically reviewed. | H11: https://ejabi-infosec.box.com/s/ltxi14j4m3s7dcwfe8s8ci6bl8147f38 | K11: Done | L11: https://fibtask.atlassian.net/browse/FIBXPI-1136
A12: 11 | E12: Incident Response Plan, Vendor SLA, Incident Handling Procedures. | F12: Open | G12: Third-party incident responsibilities should be clearly established. | H12: https://ejabi-infosec.box.com/s/kautxbs2f19r9h0uu2qwbozisxnizuz8 | K12: Done | L12: https://fibtask.atlassian.net/browse/FIBXPI-1137
A13: 12 | B13: API Security Review | C13: During the API security review, complete XPI API documentation was not available for review. | D13: Obtain complete API documentation including authentication flows, authorization models, encryption mechanisms, request/response specifications, error handling, and security controls. Review and document the token generation algorithm, entropy, signing mechanism, key management, and token validation controls. | E13: API Design Documentation, Security Architecture Diagram, API Specifications, Vendor Documentation. | F13: Open | G13: API documentation should be reviewed prior to production deployment. | H13: https://ejabi-infosec.box.com/s/j635a8rveodmh1ujg9hcomm2bga922e7 | I13: https://ejabi-infosec.box.com/s/v6tpb4z2r5hix9smt29frc3cs1zgwvr5 | J13: https://ejabi-infosec.box.com/s/j635a8rveodmh1ujg9hcomm2bga922e7 | K13: Done | L13: https://fibtask.atlassian.net/browse/FIBXPI-1138
A14: 14 | B14: API Security Review | C14: HMAC authentication is implemented; however, the implementation details were not reviewed during the assessment. | D14: Verify hashing algorithms, key length, key rotation, timestamp validation, nonce implementation, replay protection, and secure key storage mechanisms. | E14: API Authentication Documentation, Cryptographic Standards, Key Rotation Procedure. | F14: Open | G14: HMAC implementation should be reviewed against security best practices. | H14: https://ejabi-infosec.box.com/s/j635a8rveodmh1ujg9hcomm2bga922e7 | I14: https://ejabi-infosec.box.com/s/v6tpb4z2r5hix9smt29frc3cs1zgwvr5 | J14: https://ejabi-infosec.box.com/s/j635a8rveodmh1ujg9hcomm2bga922e7 | K14: Done | L14: https://fibtask.atlassian.net/browse/FIBXPI-1139
A15: 15 | B15: API Security Review | C15: No evidence was available demonstrating API rate limiting, throttling, or denial-of-service protection mechanisms. | D15: Implement API throttling, request quotas, rate limiting, anomaly detection, and WAF-based protections to mitigate abuse and denial-of-service attacks. | E15: WAF Configuration, API Gateway Configuration, Rate Limiting Policies. | F15: Open | G15: API abuse protection mechanisms should be verified. | K15: In progress | L15: https://fibtask.atlassian.net/browse/FIBXPI-1140
A16: 16 | B16: API Security Review | C16: A complete inventory of production, development, deprecated, and internal APIs was not presented during the review. | D16: Maintain a formal API inventory identifying all APIs, versions, owners, environments, and associated security controls. | E16: API Inventory Register, Asset Inventory, API Management Documentation. | F16: Open | G16: API inventory should be maintained and periodically reviewed. | K16: In progress | L16: https://fibtask.atlassian.net/browse/FIBXPI-1141
A17: 17 | B17: API Security Review | C17: Evidence demonstrating API logging requirements and forwarding of security events to the SIEM platform was not available during the assessment. | D17: Ensure authentication attempts, failed requests, administrative actions, and security events are logged and forwarded to the centralized SIEM platform. | E17: API Logs, SIEM Configuration, Log Forwarding Configuration, Sample Security Events. | F17: Open | G17: API logging controls should be verified. | K17: In progress | L17: https://fibtask.atlassian.net/browse/FIBXPI-1142
A18: 18 | B18: API Security Review | C18: The merchant credential lifecycle management process, including onboarding, credential rotation, revocation, and offboarding, was not reviewed during the assessment. | D18: Review and document merchant onboarding, credential issuance, rotation, revocation, periodic review, and offboarding procedures. | E18: Merchant Onboarding Procedure, Credential Management Procedure, Sample Merchant Records. | F18: Open | G18: Merchant credential management controls should be formally documented and validated. | K18: In progress | L18: https://fibtask.atlassian.net/browse/FIBXPI-1143
A19: 19 | B19: API Authentication Procedure | C19: Documented procedure describing the authentication and authorization mechanisms used for application programming interfaces (APIs), including authentication methods, credential management, encryption, and access controls. | E19: Switch / Access Control Team | F19: OPEN | G19: The document provided is for MFA authentication procedure. Kinldy provide the document about API Authentication procedure (especially for the new API). | H19: https://ejabi-infosec.box.com/s/j635a8rveodmh1ujg9hcomm2bga922e7 | I19: https://ejabi-infosec.box.com/s/v6tpb4z2r5hix9smt29frc3cs1zgwvr5 | J19: https://ejabi-infosec.box.com/s/j635a8rveodmh1ujg9hcomm2bga922e7 | K19: Done | L19: https://fibtask.atlassian.net/browse/FIBXPI-1144
A20: 20 | B20: API Architecture | C20: Architecture diagrams and supporting documentation illustrating API communication between Mobile application, the new Data Center, and associated systems, including authentication, security controls, and data flow. | E20: Switch / Access Control Team | F20: OPEN | H20: https://ejabi-infosec.box.com/s/ohhtmxc0qttxo2tztvy4wdbdj7oe8s9b | K20: Done | L20: https://fibtask.atlassian.net/browse/FIBXPI-1145
A21: 21 | B21: Application Integration: TLS/Certificate Configuration | C21: Screenshots / Configuration exports from API Gateways, F5 showing TLS versions. Screenshots or export details showing valid, non-expired digital certificates signed by a trusted internal or public Certificate Authority (CA). | E21: Switch / Access Control Team | F21: OPEN | G21: I have updated the evidence list | H21: https://ejabi-infosec.box.com/s/abjom36p2v0d5259hybh4u09tecf5v62 | K21: In progress | L21: https://fibtask.atlassian.net/browse/FIBXPI-1146
A22: 22 | B22: Application Access: Application Architecture | C22: Architecture diagram illustrating the Mobile application deployment within the new Data Center, including application servers, databases, authentication services, firewalls, network zones, and communication paths. | E22: Switch / Access Control Team | F22: OPEN | H22: https://ejabi-infosec.box.com/s/v6tpb4z2r5hix9smt29frc3cs1zgwvr5 | K22: Done | L22: https://fibtask.atlassian.net/browse/FIBXPI-1147
A23: 23 | B23: Application Access: Role and Permission Matrix | C23: Role-based access control (RBAC) matrix defining application roles, associated permissions, user responsibilities, privileged functions, and mapping to business roles. | E23: Switch / Access Control Team | F23: OPEN | H23: https://ejabi-infosec.box.com/s/iaez6nivjazwy572cpne2rafzycnnyqn | K23: Done | L23: https://fibtask.atlassian.net/browse/FIBXPI-1148
A24: 24 | B24: VPN or Remote Access Configuration | C24: Configuration documentation demonstrating secure remote access controls, including VPN architecture, authentication methods, MFA enforcement, encryption settings, access restrictions, and logging. | E24: Platform Team / Access Control Team | F24: Closed | H24: https://ejabi-infosec.box.com/s/fe45jj828ql84f9t7chdw2kpucpyx07i | K24: Done | L24: https://fibtask.atlassian.net/browse/FIBXPI-1149

Sheet Database Review
A1: Database Configuration Review Gaps & Recommendations
A2: Sr. No. | B2: Section Covered | C2: Key Observations | D2: Recommendations | E2: Evidence Required | F2: Status | G2: Assessor Comments | H2: Client Comments | I2: FIB Status | J2: Link
A3: 1 | B3: Database Review | C3: The cardholder data (CHD) matrix needs to be updated to include all database tables containing cardholder data. | D3: Update and maintain the CHD inventory to include all databases, tables, and fields storing, processing, or transmitting CHD/SAD, and review it periodically. | E3: Updated Cardholder Data Inventory/Matrix, database schema documentation, data classification records, change management records showing periodic review. | F3: OPEN | G3: The current CHD inventory is incomplete and does not identify all database objects containing cardholder data, which may result in inaccurate PCI DSS scope determination and inadequate protection of CHD. | H3: https://ejabi-infosec.box.com/s/sfa0xva9zui6rhy5ypd0fzcij31ys880 | I3: Done | J3: https://fibtask.atlassian.net/browse/FIBXPI-1103
A4: 2 | B4: Database Review | C4: There are two database tables containing PAN; one stores masked PAN while the other stores unmasked PAN. | D4: Validate the business need for storing unmasked PAN, render PAN unreadable where required, restrict access, and monitor all access to PAN. | E4: Database schema, sample data (sanitized), encryption/tokenization configuration, key management procedures, access control matrix, database audit logs, documented business justification for PAN storage. | F4: OPEN | G4: Unmasked PAN storage was identified. The organization should validate that storage is strictly required for business purposes and ensure PAN is rendered unreadable in accordance with PCI DSS v4.0.1 Requirements 3.5 and 3.6. | I4: In progress | J4: https://fibtask.atlassian.net/browse/FIBXPI-1104
A5: 3 | B5: Database Review | C5: A roles and responsibilities matrix is required for all users accessing the database. The default administrative account should only be used during emergency situations with compensating controls. | D5: Develop a database roles and responsibilities matrix, assign unique administrator accounts, and restrict default account usage to approved emergency situations only. | E5: Database user and privilege listings, RBAC documentation, Roles & Responsibilities Matrix, PAM configuration, emergency access procedures, access approval records, database audit logs, periodic user access review reports. | F5: OPEN | G5: Database access governance requires improvement. Shared/default administrative accounts should not be used for normal operations, and individual accountability must be established for all privileged database activities in accordance with PCI DSS v4.0.1 Requirements 7 and 8. | H5: https://ejabi-infosec.box.com/s/ixcz3d4c4gjev20yrepimufon417hhlg | I5: Done | J5: https://fibtask.atlassian.net/browse/FIBXPI-1105

Sheet PAM Solution Review
A1: PAM Configuration Review Gaps & Recommendations (Date: 20-Aug-2026)
A2: Sr. No. | B2: Section Covered | C2: Key Observations | D2: Recommendations | E2: Evidence Required | F2: Status | G2: Assessor Comments | H2: Additional Comments (05-Aug) | I2: Client Comments | J2: FIB Status | K2: Link
A3: 1 | B3: PAM Solution Review | C3: All privileged resources (e.g., databases and firewalls) have not been onboarded to the Teleport PAM solution. If not onboarded, the current access process has not been documented. | D3: Onboard all privileged systems to the PAM solution and enforce privileged access through PAM. Document the current access process where onboarding is not yet feasible. | E3: PAM asset inventory, onboarding records, architecture diagram, access workflow documentation, PAM policies. | F3: OPEN | G3: Could not see the comment. It is the same response as of before. Privileged access is not consistently managed through the PAM solution, resulting in reduced visibility, accountability, and centralized control over privileged activities. | H3: Cmment added to the Box portal | I3: https://ejabi-infosec.box.com/s/tykh7ziegfq063z0c126lyeu994t0btg | J3: Done | K3: https://fibtask.atlassian.net/browse/FIBXPI-1106
A4: 2 | B4: PAM Solution Review | C4: No documented patch management process exists for the PAM solution, and the deployed version (17.x) is approaching end of support in August 2026. | D4: Establish a patch management process and upgrade the PAM solution to a vendor-supported version before end of support. | E4: Patch Management Policy, vulnerability assessment reports, change requests, upgrade plan, vendor support lifecycle documentation, patch deployment records, maintenance schedule. | F4: OPEN | G4: The current PAM version is nearing end of vendor support. Failure to maintain supported software versions may expose the environment to unpatched security vulnerabilities. | J4: In progress | K4: https://fibtask.atlassian.net/browse/FIBXPI-1107
A5: 3 | B5: PAM Solution Review | C5: Password policy configuration evidence was not provided, including password length, account lockout, password history, and password expiration settings. | D5: Configure and document the PAM password policy to meet PCI DSS requirements and provide evidence of the configured settings. | E5: PAM password policy screenshots, authentication policy configuration, account lockout settings, password history settings, password expiration configuration, security standards documentation. | F5: Closed | G5: Password policy compliance could not be verified due to insufficient evidence. Configuration settings should demonstrate compliance with PCI DSS authentication requirements. | H5: 1. FIBXPI-924 updated session timeout config 2. FIBXPI-952 account lockout 3. FIBXPI-924 session timeout config 4. FIBXPI-923 evidence of password policy configuration | I5: https://ejabi-infosec.box.com/s/8m9y1ivxcssiilcho2s0yi5i1zryk36o | J5: Done | K5: https://fibtask.atlassian.net/browse/FIBXPI-1108
A6: 4 | B6: PAM Solution Review | C6: Session timeout for privileged sessions is configured for approximately 15 hours, increasing the risk of unauthorized access through unattended sessions. | D6: Configure privileged sessions to automatically terminate after 15 minutes of inactivity and periodically verify the configuration. | E6: Session management policy, PAM session timeout configuration screenshots. | F6: Closed | G6: Excessive idle session duration increases the risk of unauthorized use of privileged sessions. Session timeout settings should align with PCI DSS requirements for inactive sessions. | H6: Document Name: 1. FIBXPI-924 updated session timeout config | I6: https://ejabi-infosec.box.com/s/0da59lwt7tladtmvgfuki4n2hs5eo8ub | J6: Done | K6: https://fibtask.atlassian.net/browse/FIBXPI-1100
A7: 5 | B7: PAM Solution Review | C7: Privileged administrative access is not consistently enforced through the PAM solution. | D7: Enforce all privileged administrative access through the PAM solution, enable MFA, and monitor and log all privileged activities. | E7: PAM access policies, MFA configuration, privileged account inventory, session recordings, audit logs, privileged access review reports, administrative access procedures. | F7: Closed | G7: Direct privileged access bypasses centralized monitoring and accountability. All privileged administrative activities should be controlled, authenticated, authorized, and logged through the PAM solution. | H7: Document Name: 1. MFA_Configuration_Evidence_for_Operations_and_Admins 2. mfa_enrollment_and_authentication_logs_final | I7: https://ejabi-infosec.box.com/s/91d3glm3g6v42o0rvo1e07og5r7k7l6g | J7: Done | K7: https://fibtask.atlassian.net/browse/FIBXPI-1106

Sheet SIEM Review
A1: SIEM Configuration Review Gaps & Recommendations
A2: Sr. No. | B2: Section Covered | C2: Key Observations | D2: Recommendations | E2: Evidence Required | F2: Status | G2: Assessor Comments (05-Aug) | H2: Client Comments | I2: FIB Status | J2: Link
A3: 1 | B3: SIEM Configuration Review | C3: The database and application are not onboarded to the Wazuh SIEM monitoring solution. | D3: Onboard all PCI DSS in-scope databases and applications to the Wazuh SIEM and enable centralized log collection, retention, and monitoring. | E3: Wazuh agent configuration, log forwarding configuration, sample collected logs, log retention configuration, monitoring procedures. | F3: OPEN | G3: Critical PCI DSS system components are not forwarding security logs to the centralized SIEM platform, reducing visibility into security events and limiting the organization's ability to detect suspicious activities. | H3: https://ejabi-infosec.box.com/s/l7oc3gkpurzaa4xmozkfd4h1j8jbdydq | I3: Done | J3: https://fibtask.atlassian.net/browse/FIBXPI-1110
A4: 2 | B4: SIEM Configuration Review | C4: Anti-malware events are not integrated with the SIEM solution. | D4: Integrate anti-malware solutions with the SIEM to centrally collect, monitor, and alert on malware-related events. | E4: SIEM integration configuration, anti-malware policy, log forwarding configuration, sample malware events, alert rules, dashboard screenshots, integration test results. | F4: OPEN | G4: Anti-malware security events are not centrally monitored, limiting the organization's ability to detect malware-related incidents and respond in a timely manner. | I4: In progress | J4: https://fibtask.atlassian.net/browse/FIBXPI-1111
A5: 3 | B5: SIEM Configuration Review | C5: Network Time Protocol (NTP) is not configured to synchronize system time. | D5: Configure all PCI DSS in-scope systems to synchronize with authorized NTP servers and periodically verify time synchronization. | E5: NTP configuration screenshots, time synchronization policy, system time settings, NTP server configuration, synchronization status reports, architecture diagram. | F5: OPEN | G5: Configure_NTP_for_Time_Synchronization - The Ips provided in the document does not match with the Asset inventory provided. Kindly provide a clarification for this evidence point. | H5: https://ejabi-infosec.box.com/s/v0suz8jscgdklxz9g7gj0rlvw90zcoli | I5: Done | J5: https://fibtask.atlassian.net/browse/FIBXPI-1112
A6: 4 | B6: SIEM Configuration Review | C6: Unique administrative accounts are not implemented, and the default administrator account is in use. | D6: Implement unique administrator accounts, disable default accounts where feasible, enforce MFA, and log all privileged administrative activities. | E6: SIEM user account list, RBAC configuration, MFA configuration, administrative access policy, privileged access review reports, audit logs, screenshots of administrative account configuration. | F6: OPEN | G6: The screenshot uploaded is from the Domain controller. I want the screenshot from the SIEM system showing the admin accounts are either disabled or removed. | I6: In progress | J6: https://fibtask.atlassian.net/browse/FIBXPI-1113
A7: 5 | B7: SIEM Configuration Review | C7: Email alert configuration for security events could not be demonstrated during the assessment. | D7: Configure email notifications (or equivalent alerting mechanisms) for critical security events such as authentication failures, privileged account activities, malware detection, configuration changes, service failures, and other high-risk events. Validate that alerts are delivered to the designated security personnel. | E7: Alert configuration screenshots, notification rules, sample alert emails, alert recipient list, alert testing evidence. | F7: OPEN | G7: The assessor could not verify that critical security events generate automated notifications for timely investigation and response. | I7: In progress | J7: https://fibtask.atlassian.net/browse/FIBXPI-1114
A8: 6 | B8: SIEM Configuration Review | C8: The SSL/TLS certificate protecting the SIEM web management interface could not be verified. | D8: Configure the SIEM web interface to use a valid certificate issued by a trusted internal or public Certificate Authority and ensure strong TLS protocols and cipher suites are enforced for administrative access. | E8: Screenshot of the certificate details, certificate chain, certificate validity information, TLS configuration, browser certificate information. | F8: OPEN | G8: The submitted evidence does not provide sufficient details to verify the SSL/TLS certificate configured for the SIEM web management interface. Kindly provide clear screenshots showing the certificate details, issuer/CA, validity period, certificate chain, and applicable TLS protocol and cipher-suite configuration for the SIEM management interface. | H8: https://ejabi-infosec.box.com/s/v12hbrczfaxaihj4stop9k32zwoswe2y | I8: In progress | J8: https://fibtask.atlassian.net/browse/FIBXPI-1115
A9: 7 | B9: SIEM Configuration Review | C9: Reporting capabilities and scheduled security reports were not demonstrated during the assessment. | D9: Configure periodic security reports covering authentication events, administrative activities, critical system events, failed login attempts, malware detections, integrity monitoring events, and other PCI DSS-relevant security events. Ensure reports are reviewed by authorized personnel. | E9: Sample scheduled reports, reporting configuration, report distribution schedule, evidence of report review and approval. | F9: OPEN | G9: The assessor could not verify that security monitoring reports are generated, reviewed, and retained as part of the organization's security monitoring process. | I9: In progress | J9: https://fibtask.atlassian.net/browse/FIBXPI-1116
A10: 8 | B10: SIEM Configuration Review | C10: File Integrity Monitoring (FIM) configuration and associated event monitoring were not demonstrated during the assessment. | D10: Configure File Integrity Monitoring for all PCI DSS in-scope critical system files, configuration files, executables, scripts, and security policies. Ensure unauthorized modifications generate alerts and are investigated in accordance with PCI DSS Requirement 11.5. | E10: FIM policy configuration, monitored file list, sample FIM alerts, event logs, alert rules, investigation procedures, evidence of periodic review. | F10: OPEN | G10: The assessor could not verify that File Integrity Monitoring is configured to detect unauthorized modifications to critical system files and configurations within the PCI DSS environment. | I10: In progress | J10: https://fibtask.atlassian.net/browse/FIBXPI-1117

Sheet Infosec
A1: Information Security Review (Date: 20-Aug-26)
A2: Sr. No. | B2: Section Covered | C2: Key Observations | D2: Recommendations | E2: Evidence Required | F2: Status | G2: Assessor Comments | H2: Client Comments | I2: FIB Status | J2: Link
A3: 1 | B3: Information Security Review | C3: Information Security Policies have not yet been documented. | D3: Develop, approve, and implement Information Security Policies covering all applicable PCI DSS v4.0.1 requirements. Review annually, obtain management approval, and communicate the policies to all relevant personnel. | E3: Information Security Policy Information Security Governance Documents. | F3: OPEN | G3: The provided document is the roles and responsibilities document. To close this evidence point, kindly provide the latest information security policy. | H3: https://ejabi-infosec.box.com/s/62fg8ue81sz9b99vli7g4gm3rc0xzi6d | I3: Done | J3: https://fibtask.atlassian.net/browse/FIBXPI-1109
A4: 2 | B4: Information Security Review | C4: Roles and Responsibilities document has not been documented. | D4: Develop and maintain a Roles and Responsibilities Matrix defining ownership and accountability for PCI DSS and information security activities. Ensure responsibilities are approved, communicated, and reviewed periodically. | E4: Roles & Responsibilities Matrix (RACI), Organization Chart, Job Descriptions, Security Governance Charter, Management Approval Records, Personnel Acknowledgement Records. | F4: CLOSED | H4: https://ejabi-infosec.box.com/s/62fg8ue81sz9b99vli7g4gm3rc0xzi6d | I4: Done | J4: https://fibtask.atlassian.net/browse/FIBXPI-1109

Sheet Switches - Network
A1: Network Security Review - Switches
A2: Sr. No. | B2: Section Covered | C2: Key Observations | D2: Recommendations | E2: Evidence Required | F2: Status | G2: Assessor Comments | H2: Client Comments | I2: FIB Status | J2: Link
A3: 1 | B3: Core Switch (Network Security Team) | C3: Failed authentication attempt lockout: 5 failed authentication attempts within 60 seconds → 300-second ban | D3: Configure the lockout mechanism to lock the user ID after no more than 10 unsuccessful attempts and maintain the lockout for a minimum of 30 minutes, or until the user's identity is confirmed. | E3: Updated switch configuration showing the revised failed-login threshold and lockout duration; configuration verification after remediation. | F3: Open | G3: PCI DSS 8.3.4: The current 300-second (5-minute) lockout period does not meet the required minimum 30-minute lockout duration. (PCI Security Standards Council) | H3: https://ejabi-infosec.box.com/s/6ojwy7bpb2qph0nn6qv1xwmzg4kgbkz3 | I3: Done | J3: https://fibtask.atlassian.net/browse/FIBXPI-1118
A4: 2 | B4: Core Switch (Network Security Team) | C4: Shared administrative account / shared administrative credential. The walkthrough states that the administrative account is used by Luqman and Mohammed Serwan by sharing the password. | D4: Provide unique individual administrative accounts for each administrator and prohibit routine sharing of authentication credentials. If a shared/break-glass account is exceptionally required, implement appropriate controls such as privileged-access/password-vault management and individual accountability. | E4: Updated user/account configuration; list of administrative accounts and assigned privileges; evidence of individual accounts; PAM/password-vault evidence if a shared emergency account remains. | F4: Open | G4: PCI DSS 8.2.2: Administrative activities must be attributable to an individual user. The current password-sharing arrangement weakens individual accountability and auditability. PCI SSC confirms that shared credentials are only permitted in exceptional circumstances and must be appropriately controlled. (PCI Security Standards Council) | I4: In progress | J4: https://fibtask.atlassian.net/browse/FIBXPI-1119
A5: 3 | B5: Core Switch (Network Security Team) | C5: NTP / time synchronization is not implemented/operational. The walkthrough evidence does not demonstrate successful synchronization with an approved time source. | D5: Configure the switch to synchronize its system clock with an approved internal NTP/time source and ensure the synchronization is active and accurate. | E5: NTP configuration; show ntp status / equivalent command output demonstrating successful synchronization; approved NTP source; time/date verification. | F5: Open | G5: PCI DSS 10.6.1: System clocks must be synchronized and kept accurate. The evidence provided does not demonstrate operational time synchronization. | H5: https://ejabi-infosec.box.com/s/v6tpb4z2r5hix9smt29frc3cs1zgwvr5 | I5: Done | J5: https://fibtask.atlassian.net/browse/FIBXPI-1120
A6: 4 | B6: Core Switch (Network Security Team) | C6: Syslog / centralized logging is not conclusively demonstrated in the walkthrough. | D6: Configure the switch to forward required security and administrative events to the organization's centralized logging/SIEM solution, where applicable, and ensure logs are retained and protected in accordance with PCI DSS requirements. | E6: Running configuration showing logging/Syslog destination; SIEM/Syslog receipt evidence; sample switch logs; log-retention configuration; evidence of log review and protection. | F6: Open | G6: PCI DSS Requirements 10.2, 10.4 and 10.5: Audit logging, log review and protection of audit logs must be implemented for in-scope system components. The walkthrough does not sufficiently demonstrate centralized log collection and the associated operational controls. | H6: https://ejabi-infosec.box.com/s/gpb1ejg0xvhu5izyq3s4rmipgbsexu70 | I6: Done | J6: https://fibtask.atlassian.net/browse/FIBXPI-1121
A7: 5 | B7: Core Switch (Network Security Team) | C7: Unused-interface/port shutdown status was not conclusively demonstrated during the walkthrough. | D7: Identify all unused physical interfaces and disable/shut down interfaces that are not required. Maintain an approved port/interface inventory and ensure only required interfaces are enabled. | E7: Complete interface/port status output; list of active and unused ports; configuration showing unused ports administratively disabled; network/port inventory. | F7: Open | G7: PCI DSS 2.2.4: Only necessary services, protocols, daemons and functions should be enabled, with unnecessary functionality removed or disabled. The walkthrough does not provide sufficient evidence to confirm that unused switch interfaces are disabled. (PCI Security Standards Council) | H7: https://ejabi-infosec.box.com/s/doq2dz94r23gclasccmgjsgezkek8at4 | I7: Done | J7: https://fibtask.atlassian.net/browse/FIBXPI-1122
A8: 6 | B8: External Switch (Network Security Team) | C8: NTP / time synchronization is not implemented. The walkthrough explicitly identifies NTP as not enabled. | D8: Configure the switch to use an approved organizational NTP/time source and verify successful synchronization. | E8: NTP configuration; synchronization status/output; approved NTP server/source; evidence confirming accurate system time. | F8: Open | G8: PCI DSS 10.6.1: NTP/time synchronization is required to maintain accurate and consistent timestamps for security and audit events. NTP is currently not enabled on the external switch. | H8: https://ejabi-infosec.box.com/s/4ibefivickfomi8bnj65dfcky241wh46 | I8: Done | J8: https://fibtask.atlassian.net/browse/FIBXPI-1123
A9: 7 | B9: External Switch (Network Security Team) | C9: Syslog / centralized logging is not conclusively demonstrated in the walkthrough. | D9: Configure the switch to forward required security and administrative events to the approved centralized logging/SIEM solution and ensure logs are retained, reviewed and protected. | E9: Running configuration showing Syslog destination; SIEM/Syslog receipt evidence; sample logs; retention settings; evidence of log review and protection. | F9: Open | G9: PCI DSS Requirements 10.2, 10.4 and 10.5: Evidence should demonstrate that security events and administrative activities are logged, centrally collected where applicable, reviewed and protected. | H9: https://ejabi-infosec.box.com/s/hkjaxzzfmahfzlgby1vt4ns26073pr4m | I9: Done | J9: https://fibtask.atlassian.net/browse/FIBXPI-1124
A10: 8 | B10: External Switch (Network Security Team) | C10: Unused-interface/port shutdown status was not conclusively demonstrated during the walkthrough. | D10: Identify all unused physical interfaces and disable/shut down interfaces that are not required. Maintain an approved port/interface inventory and ensure only required interfaces are enabled. | E10: Complete interface/port status output; list of active and unused ports; configuration showing unused ports administratively disabled; network/port inventory. | F10: Open | G10: PCI DSS 2.2.4: Evidence is required to demonstrate that unnecessary functionality/interfaces are disabled. The current walkthrough does not conclusively establish that unused switch ports are administratively shut down. (PCI Security Standards Council) | I10: In progress | J10: https://fibtask.atlassian.net/browse/FIBXPI-1125
A11: 9 | B11: SAN Switch (10.222.120.16 / 10.222.120.17) | C11: Shared use of default admin account across multiple administrators (luqman, mohd serwan). | D11: Disable or restrict the default admin account. Assign unique named administrative credentials to each operator and enforce split-knowledge/dual-control procedures where necessary. | E11: Updated running configuration showing disabled/restricted default admin user and proof of unique user accounts assigned to operators. | F11: Open | G11: PCI DSS 8.2.2 & 2.2.2: Generic/shared default administrative account is actively used by multiple individuals, preventing individual accountability. | I11: In progress | J11: https://fibtask.atlassian.net/browse/FIBXPI-1126
A12: 10 | B12: SAN Switch (10.222.120.16) | C12: NTP authentication keys/trusted keys are not enabled for 10.222.120.16 | D12: Enable symmetric NTP authentication keys (ntp authenticate, ntp authentication-key) to secure time synchronization against spoofing. | E12: Updated NTP configuration snippet displaying enabled authentication key configurations and active peer synchronization status. | F12: Open | G12: PCI DSS 10.6.1: Network Time Protocol (NTP) updates are transmitted without cryptographic authentication. | I12: In progress | J12: https://fibtask.atlassian.net/browse/FIBXPI-1127
A13: 11 | B13: SAN Switch (10.222.120.16) | C13: line vty has exec-timeout 15, but explicit console line timeout (line console exec-timeout) is missing/undefined. | D13: Configure exec-timeout 15 0 explicitly under line console and all interactive line interfaces. | E13: Updated switch configuration confirming exec-timeout 15 configured across both VTY and console lines. | F13: Open | G13: PCI DSS 8.2.1 & 8.6.1: Inactive local console sessions will not automatically disconnect after 15 minutes of inactivity. | I13: In progress | J13: https://fibtask.atlassian.net/browse/FIBXPI-1128

Sheet Open vs Done Summary
A1: Open vs Done Task Summary | G1: Criteria (do not delete)
A2: Counts are live formulas based on the Status column (F) of each review sheet. | G2: *Open*
A3: Review Sheet | B3: Open | C3: Closed | D3: Total | E3: % Complete | G3: *Closed*
A4: Firewall Review | B4: =COUNTIF('Firewall Review'!F:F,$G$2) | C4: =COUNTIF('Firewall Review'!F:F,$G$3) | D4: =B4+C4 | E4: =IFERROR(C4/D4,0)
A5: System Configuration | B5: =COUNTIF('System Configuration'!F:F,$G$2) | C5: =COUNTIF('System Configuration'!F:F,$G$3) | D5: =B5+C5 | E5: =IFERROR(C5/D5,0)
A6: HR & Access Control | B6: =COUNTIF('HR & Access Control '!F:F,$G$2) | C6: =COUNTIF('HR & Access Control '!F:F,$G$3) | D6: =B6+C6 | E6: =IFERROR(C6/D6,0)
A7: Application & API Security | B7: =COUNTIF('Application & API Security'!F:F,$G$2) | C7: =COUNTIF('Application & API Security'!F:F,$G$3) | D7: =B7+C7 | E7: =IFERROR(C7/D7,0)
A8: Database Review | B8: =COUNTIF('Database Review'!F:F,$G$2) | C8: =COUNTIF('Database Review'!F:F,$G$3) | D8: =B8+C8 | E8: =IFERROR(C8/D8,0)
A9: PAM Solution Review | B9: =COUNTIF('PAM Solution Review'!F:F,$G$2) | C9: =COUNTIF('PAM Solution Review'!F:F,$G$3) | D9: =B9+C9 | E9: =IFERROR(C9/D9,0)
A10: SIEM Review | B10: =COUNTIF('SIEM Review'!F:F,$G$2) | C10: =COUNTIF('SIEM Review'!F:F,$G$3) | D10: =B10+C10 | E10: =IFERROR(C10/D10,0)
A11: Infosec | B11: =COUNTIF(Infosec!F:F,$G$2) | C11: =COUNTIF(Infosec!F:F,$G$3) | D11: =B11+C11 | E11: =IFERROR(C11/D11,0)
A12: Switches - Network | B12: =COUNTIF('Switches - Network'!F:F,$G$2) | C12: =COUNTIF('Switches - Network'!F:F,$G$3) | D12: =B12+C12 | E12: =IFERROR(C12/D12,0)
A13: TOTAL | B13: =SUM(B4:B12) | C13: =SUM(C4:C12) | D13: =B13+C13 | E13: =IFERROR(C13/D13,0)
E14: ...
